Date,Open,High,Low,Close,Adj Close,Volume,Dividends,Stock Splits,Symbol,Company
2024-04-23 00:00:00+05:30,3059.0,3091.0,3043.10009765625,3065.10009765625,3062.384033203125,1654272,0.0,0.0,ADANIENT.NS,Adani Enterprises
2024-04-24 00:00:00+05:30,3071.949951171875,3087.85009765625,3040.0,3043.550048828125,3040.85302734375,605917,0.0,0.0,ADANIENT.NS,Adani Enterprises
2024-04-25 00:00:00+05:30,3050.0,3120.89990234375,3025.64990234375,3115.25,3112.4892578125,1515529,0.0,0.0,ADANIENT.NS,Adani Enterprises
2024-04-26 00:00:00+05:30,3119.89990234375,3129.89990234375,3066.050048828125,3080.39990234375,3077.670166015625,662764,0.0,0.0,ADANIENT.NS,Adani Enterprises
2024-04-29 00:00:00+05:30,3110.0,3110.5,3051.5,3081.199951171875,3078.4697265625,648544,0.0,0.0,ADANIENT.NS,Adani Enterprises
2024-04-30 00:00:00+05:30,3094.0,3108.449951171875,3045.0,3054.699951171875,3051.992919921875,804552,0.0,0.0,ADANIENT.NS,Adani Enterprises
2024-05-02 00:00:00+05:30,3071.949951171875,3119.85009765625,3015.050048828125,3039.60009765625,3036.90673828125,2219085,0.0,0.0,ADANIENT.NS,Adani Enterprises
2024-05-03 00:00:00+05:30,3030.0,3045.0,2975.10009765625,2993.25,2990.59765625,1472168,0.0,0.0,ADANIENT.NS,Adani Enterprises
2024-05-06 00:00:00+05:30,2993.25,3000.199951171875,2850.0,2874.64990234375,2872.1025390625,2377944,0.0,0.0,ADANIENT.NS,Adani Enterprises
2024-05-07 00:00:00+05:30,2889.949951171875,2905.35009765625,2822.0,2835.949951171875,2833.436767578125,1262311,0.0,0.0,ADANIENT.NS,Adani Enterprises
2024-05-08 00:00:00+05:30,2850.0,2890.89990234375,2820.0,2860.550048828125,2858.01513671875,951411,0.0,0.0,ADANIENT.NS,Adani Enterprises
2024-05-09 00:00:00+05:30,2864.800048828125,2883.64990234375,2756.0,2766.64990234375,2764.1982421875,1485510,0.0,0.0,ADANIENT.NS,Adani Enterprises
2024-05-10 00:00:00+05:30,2794.949951171875,2809.0,2760.449951171875,2797.25,2794.771240234375,2354794,0.0,0.0,ADANIENT.NS,Adani Enterprises
2024-05-13 00:00:00+05:30,2803.0,2890.0,2790.5,2879.60009765625,2877.048583984375,3784373,0.0,0.0,ADANIENT.NS,Adani Enterprises
2024-05-14 00:00:00+05:30,2894.949951171875,3046.0,2874.550048828125,3037.550048828125,3034.8583984375,5725807,0.0,0.0,ADANIENT.NS,Adani Enterprises
2024-05-15 00:00:00+05:30,3046.75,3118.85009765625,3037.60009765625,3049.75,3047.04736328125,1688836,0.0,0.0,ADANIENT.NS,Adani Enterprises
2024-05-16 00:00:00+05:30,3065.0,3076.949951171875,2974.949951171875,3041.64990234375,3038.95458984375,1835312,0.0,0.0,ADANIENT.NS,Adani Enterprises
2024-05-17 00:00:00+05:30,3041.050048828125,3091.0,3015.5,3060.5,3057.7880859375,825436,0.0,0.0,ADANIENT.NS,Adani Enterprises
2024-05-21 00:00:00+05:30,3067.89990234375,3175.0,3034.5,3117.5,3114.737548828125,3091659,0.0,0.0,ADANIENT.NS,Adani Enterprises
2024-05-22 00:00:00+05:30,3129.949951171875,3145.0,3073.5,3140.949951171875,3138.16650390625,3371077,0.0,0.0,ADANIENT.NS,Adani Enterprises
2024-05-23 00:00:00+05:30,3156.699951171875,3406.0,3135.550048828125,3387.300048828125,3384.29833984375,6979082,0.0,0.0,ADANIENT.NS,Adani Enterprises
2024-05-24 00:00:00+05:30,3406.0,3457.85009765625,3355.60009765625,3384.949951171875,3381.950439453125,3473668,0.0,0.0,ADANIENT.NS,Adani Enterprises
2024-05-27 00:00:00+05:30,3358.0,3358.0,3267.050048828125,3289.050048828125,3286.135498046875,2582485,0.0,0.0,ADANIENT.NS,Adani Enterprises
2024-05-28 00:00:00+05:30,3309.64990234375,3329.5,3229.050048828125,3244.050048828125,3241.17529296875,1621168,0.0,0.0,ADANIENT.NS,Adani Enterprises
2024-05-29 00:00:00+05:30,3250.0,3322.89990234375,3212.0,3258.800048828125,3255.912353515625,1910729,0.0,0.0,ADANIENT.NS,Adani Enterprises
2024-05-30 00:00:00+05:30,3254.0,3274.300048828125,3174.5,3194.25,3191.41943359375,1990208,0.0,0.0,ADANIENT.NS,Adani Enterprises
2024-05-31 00:00:00+05:30,3225.25,3434.449951171875,3225.25,3411.35009765625,3408.327392578125,6384589,0.0,0.0,ADANIENT.NS,Adani Enterprises
2024-06-03 00:00:00+05:30,3725.0,3743.89990234375,3586.050048828125,3645.25,3642.019775390625,8511359,0.0,0.0,ADANIENT.NS,Adani Enterprises
2024-06-04 00:00:00+05:30,3520.0,3520.0,2733.949951171875,2941.25,2938.643798828125,20306909,0.0,0.0,ADANIENT.NS,Adani Enterprises
2024-06-05 00:00:00+05:30,3030.0,3150.0,2750.0,3115.35009765625,3112.58935546875,8778345,0.0,0.0,ADANIENT.NS,Adani Enterprises
2024-06-06 00:00:00+05:30,3184.0,3222.39990234375,3137.14990234375,3185.64990234375,3182.8271484375,5873271,0.0,0.0,ADANIENT.NS,Adani Enterprises
2024-06-07 00:00:00+05:30,3170.39990234375,3233.75,3151.60009765625,3219.550048828125,3216.697265625,4740455,0.0,0.0,ADANIENT.NS,Adani Enterprises
2024-06-10 00:00:00+05:30,3267.0,3284.39990234375,3205.5,3220.10009765625,3217.246826171875,4935698,0.0,0.0,ADANIENT.NS,Adani Enterprises
2024-06-11 00:00:00+05:30,3224.0,3265.0,3195.050048828125,3221.25,3218.3955078125,4173692,0.0,0.0,ADANIENT.NS,Adani Enterprises
2024-06-12 00:00:00+05:30,3224.89990234375,3245.0,3208.0,3219.050048828125,3216.197509765625,3022477,0.0,0.0,ADANIENT.NS,Adani Enterprises
2024-06-13 00:00:00+05:30,3230.0,3254.0,3207.25,3224.800048828125,3221.9423828125,3202978,0.0,0.0,ADANIENT.NS,Adani Enterprises
2024-06-14 00:00:00+05:30,3225.0,3275.0,3221.10009765625,3261.75,3260.1337890625,4224855,1.260331,0.0,ADANIENT.NS,Adani Enterprises
2024-06-18 00:00:00+05:30,3310.0,3345.0,3287.199951171875,3309.050048828125,3307.410400390625,1755612,0.0,0.0,ADANIENT.NS,Adani Enterprises
2024-06-19 00:00:00+05:30,3314.0,3314.0,3226.300048828125,3261.89990234375,3260.28369140625,1419264,0.0,0.0,ADANIENT.NS,Adani Enterprises
2024-06-20 00:00:00+05:30,3263.89990234375,3315.0,3240.0,3259.449951171875,3257.8349609375,1366545,0.0,0.0,ADANIENT.NS,Adani Enterprises
2024-06-21 00:00:00+05:30,3265.050048828125,3277.10009765625,3176.39990234375,3189.300048828125,3187.7197265625,4697655,0.0,0.0,ADANIENT.NS,Adani Enterprises
2024-06-24 00:00:00+05:30,3185.75,3214.800048828125,3135.0,3194.60009765625,3193.01708984375,3261647,0.0,0.0,ADANIENT.NS,Adani Enterprises
2024-06-25 00:00:00+05:30,3204.75,3208.449951171875,3156.35009765625,3171.10009765625,3169.52880859375,1694962,0.0,0.0,ADANIENT.NS,Adani Enterprises
2024-06-26 00:00:00+05:30,3169.050048828125,3187.699951171875,3163.89990234375,3170.5,3168.928955078125,2142889,0.0,0.0,ADANIENT.NS,Adani Enterprises
2024-06-27 00:00:00+05:30,3177.0,3202.25,3150.0,3175.14990234375,3173.57666015625,5114980,0.0,0.0,ADANIENT.NS,Adani Enterprises
2024-06-28 00:00:00+05:30,3190.0,3211.949951171875,3157.0,3177.14990234375,3175.57568359375,960905,0.0,0.0,ADANIENT.NS,Adani Enterprises
2024-07-01 00:00:00+05:30,3179.949951171875,3193.14990234375,3157.550048828125,3183.800048828125,3182.222412109375,832170,0.0,0.0,ADANIENT.NS,Adani Enterprises
2024-07-02 00:00:00+05:30,3179.85009765625,3207.800048828125,3131.050048828125,3153.199951171875,3151.637451171875,1490844,0.0,0.0,ADANIENT.NS,Adani Enterprises
2024-07-03 00:00:00+05:30,3158.0,3194.550048828125,3147.75,3190.949951171875,3189.368896484375,1152522,0.0,0.0,ADANIENT.NS,Adani Enterprises
2024-07-04 00:00:00+05:30,3192.0,3194.449951171875,3138.050048828125,3144.25,3142.692138671875,1055391,0.0,0.0,ADANIENT.NS,Adani Enterprises
2024-07-05 00:00:00+05:30,3143.89990234375,3158.550048828125,3123.949951171875,3147.89990234375,3146.340087890625,663988,0.0,0.0,ADANIENT.NS,Adani Enterprises
2024-07-08 00:00:00+05:30,3147.89990234375,3158.199951171875,3075.0,3113.60009765625,3112.057373046875,1155112,0.0,0.0,ADANIENT.NS,Adani Enterprises
2024-07-09 00:00:00+05:30,3115.949951171875,3158.0,3100.5,3110.75,3109.208740234375,922403,0.0,0.0,ADANIENT.NS,Adani Enterprises
2024-07-10 00:00:00+05:30,3120.10009765625,3127.25,3063.39990234375,3096.0,3094.466064453125,586710,0.0,0.0,ADANIENT.NS,Adani Enterprises
2024-07-11 00:00:00+05:30,3118.699951171875,3129.800048828125,3074.10009765625,3078.300048828125,3076.774658203125,899781,0.0,0.0,ADANIENT.NS,Adani Enterprises
2024-07-12 00:00:00+05:30,3090.0,3098.800048828125,3058.35009765625,3065.449951171875,3063.93115234375,756036,0.0,0.0,ADANIENT.NS,Adani Enterprises
2024-07-15 00:00:00+05:30,3066.10009765625,3103.5,3058.35009765625,3090.39990234375,3088.86865234375,724171,0.0,0.0,ADANIENT.NS,Adani Enterprises
2024-07-16 00:00:00+05:30,3110.0,3137.75,3096.10009765625,3109.300048828125,3107.759521484375,988357,0.0,0.0,ADANIENT.NS,Adani Enterprises
2024-07-18 00:00:00+05:30,3106.0,3111.0,3057.14990234375,3092.199951171875,3090.667724609375,1021653,0.0,0.0,ADANIENT.NS,Adani Enterprises
2024-07-19 00:00:00+05:30,3092.0,3094.5,3000.0,3005.699951171875,3004.210693359375,1026941,0.0,0.0,ADANIENT.NS,Adani Enterprises
2024-07-22 00:00:00+05:30,3005.699951171875,3026.89990234375,2972.14990234375,3000.85009765625,2999.36328125,662085,0.0,0.0,ADANIENT.NS,Adani Enterprises
2024-07-23 00:00:00+05:30,3020.0,3038.0,2886.35009765625,2995.35009765625,2993.865966796875,1443331,0.0,0.0,ADANIENT.NS,Adani Enterprises
2024-07-24 00:00:00+05:30,2995.35009765625,3007.5,2959.300048828125,2970.699951171875,2969.22802734375,693702,0.0,0.0,ADANIENT.NS,Adani Enterprises
2024-07-25 00:00:00+05:30,2960.699951171875,3017.64990234375,2945.10009765625,2973.5,2972.026611328125,1105721,0.0,0.0,ADANIENT.NS,Adani Enterprises
2024-07-26 00:00:00+05:30,2995.0,3109.0,2988.10009765625,3080.5,3078.9736328125,1942427,0.0,0.0,ADANIENT.NS,Adani Enterprises
2024-07-29 00:00:00+05:30,3094.300048828125,3120.35009765625,3074.0,3089.35009765625,3087.8193359375,1037474,0.0,0.0,ADANIENT.NS,Adani Enterprises
2024-07-30 00:00:00+05:30,3092.0,3155.0,3066.64990234375,3128.75,3127.19970703125,1647048,0.0,0.0,ADANIENT.NS,Adani Enterprises
2024-07-31 00:00:00+05:30,3141.0,3197.5,3135.0,3169.39990234375,3167.82958984375,2414005,0.0,0.0,ADANIENT.NS,Adani Enterprises
2024-08-01 00:00:00+05:30,3180.0,3258.0,3151.699951171875,3217.25,3215.65576171875,6149883,0.0,0.0,ADANIENT.NS,Adani Enterprises
2024-08-02 00:00:00+05:30,3200.0,3215.0,3111.0,3160.89990234375,3159.333740234375,3360209,0.0,0.0,ADANIENT.NS,Adani Enterprises
2024-08-05 00:00:00+05:30,3085.0,3133.050048828125,2996.300048828125,3038.199951171875,3036.694580078125,2238921,0.0,0.0,ADANIENT.NS,Adani Enterprises
2024-08-06 00:00:00+05:30,3084.0,3142.800048828125,3057.25,3072.699951171875,3071.177490234375,2125201,0.0,0.0,ADANIENT.NS,Adani Enterprises
2024-08-07 00:00:00+05:30,3118.0,3190.0,3112.0,3185.949951171875,3184.371337890625,1868169,0.0,0.0,ADANIENT.NS,Adani Enterprises
2024-08-08 00:00:00+05:30,3190.550048828125,3242.64990234375,3156.550048828125,3167.550048828125,3165.98046875,2139376,0.0,0.0,ADANIENT.NS,Adani Enterprises
2024-08-09 00:00:00+05:30,3209.0,3219.300048828125,3171.050048828125,3187.550048828125,3185.970703125,760165,0.0,0.0,ADANIENT.NS,Adani Enterprises
2024-08-12 00:00:00+05:30,3100.0,3169.85009765625,3014.0,3151.75,3150.188232421875,10307245,0.0,0.0,ADANIENT.NS,Adani Enterprises
2024-08-13 00:00:00+05:30,3170.050048828125,3178.10009765625,3081.75,3092.199951171875,3090.667724609375,2192588,0.0,0.0,ADANIENT.NS,Adani Enterprises
2024-08-14 00:00:00+05:30,3085.699951171875,3085.699951171875,3027.75,3040.10009765625,3038.59375,1232383,0.0,0.0,ADANIENT.NS,Adani Enterprises
2024-08-16 00:00:00+05:30,3070.0,3121.60009765625,3039.35009765625,3108.800048828125,3107.259765625,970067,0.0,0.0,ADANIENT.NS,Adani Enterprises
2024-08-19 00:00:00+05:30,3122.050048828125,3134.300048828125,3092.949951171875,3102.550048828125,3101.0126953125,557265,0.0,0.0,ADANIENT.NS,Adani Enterprises
2024-08-20 00:00:00+05:30,3118.949951171875,3126.0,3058.85009765625,3070.64990234375,3069.12841796875,662263,0.0,0.0,ADANIENT.NS,Adani Enterprises
2024-08-21 00:00:00+05:30,3070.64990234375,3153.300048828125,3068.39990234375,3115.699951171875,3114.15625,1379240,0.0,0.0,ADANIENT.NS,Adani Enterprises
2024-08-22 00:00:00+05:30,3130.75,3150.0,3091.0,3099.050048828125,3097.514404296875,1378912,0.0,0.0,ADANIENT.NS,Adani Enterprises
2024-08-23 00:00:00+05:30,3101.0,3123.0,3067.60009765625,3076.35009765625,3074.82568359375,1375224,0.0,0.0,ADANIENT.NS,Adani Enterprises
2024-08-26 00:00:00+05:30,3088.0,3090.0,3055.0,3069.0,3067.479248046875,1632446,0.0,0.0,ADANIENT.NS,Adani Enterprises
2024-08-27 00:00:00+05:30,3072.199951171875,3095.75,3064.0,3067.10009765625,3065.580322265625,1310440,0.0,0.0,ADANIENT.NS,Adani Enterprises
2024-08-28 00:00:00+05:30,3078.0,3078.0,3022.10009765625,3028.0,3026.499755859375,1569652,0.0,0.0,ADANIENT.NS,Adani Enterprises
2024-08-29 00:00:00+05:30,3030.0,3041.949951171875,2981.300048828125,3020.14990234375,3018.6533203125,1853966,0.0,0.0,ADANIENT.NS,Adani Enterprises
2024-08-30 00:00:00+05:30,3030.0,3038.550048828125,3003.300048828125,3019.35009765625,3017.85400390625,3509174,0.0,0.0,ADANIENT.NS,Adani Enterprises
2024-09-02 00:00:00+05:30,3021.10009765625,3059.14990234375,2997.60009765625,3042.14990234375,3040.642578125,1842658,0.0,0.0,ADANIENT.NS,Adani Enterprises
2024-09-03 00:00:00+05:30,3037.0,3053.050048828125,3023.800048828125,3036.10009765625,3034.595703125,1371577,0.0,0.0,ADANIENT.NS,Adani Enterprises
2024-09-04 00:00:00+05:30,3010.0,3025.0,2955.199951171875,3012.35009765625,3010.857421875,1212270,0.0,0.0,ADANIENT.NS,Adani Enterprises
2024-09-05 00:00:00+05:30,3025.0,3037.89990234375,3002.0,3015.35009765625,3013.85595703125,734273,0.0,0.0,ADANIENT.NS,Adani Enterprises
2024-09-06 00:00:00+05:30,3019.0,3025.0,2968.0,2975.449951171875,2973.9755859375,1251165,0.0,0.0,ADANIENT.NS,Adani Enterprises
2024-09-09 00:00:00+05:30,2972.10009765625,2972.5,2927.300048828125,2964.14990234375,2962.68115234375,1523581,0.0,0.0,ADANIENT.NS,Adani Enterprises
2024-09-10 00:00:00+05:30,2971.60009765625,3007.39990234375,2947.60009765625,2986.39990234375,2984.920166015625,803782,0.0,0.0,ADANIENT.NS,Adani Enterprises
2024-09-11 00:00:00+05:30,2985.0,2992.949951171875,2928.0,2937.85009765625,2936.39453125,888628,0.0,0.0,ADANIENT.NS,Adani Enterprises
2024-09-12 00:00:00+05:30,2950.0,3000.0,2917.14990234375,2991.0,2989.51806640625,1314173,0.0,0.0,ADANIENT.NS,Adani Enterprises
2024-09-13 00:00:00+05:30,2972.0,3001.949951171875,2956.050048828125,2968.35009765625,2966.87939453125,815948,0.0,0.0,ADANIENT.NS,Adani Enterprises
2024-09-16 00:00:00+05:30,2972.0,3026.39990234375,2972.0,2984.89990234375,2983.4208984375,695162,0.0,0.0,ADANIENT.NS,Adani Enterprises
2024-09-17 00:00:00+05:30,2990.050048828125,2995.89990234375,2952.5,2975.199951171875,2973.725830078125,698700,0.0,0.0,ADANIENT.NS,Adani Enterprises
2024-09-18 00:00:00+05:30,2976.0,2984.75,2935.0,2956.300048828125,2954.835205078125,831891,0.0,0.0,ADANIENT.NS,Adani Enterprises
2024-09-19 00:00:00+05:30,2975.050048828125,2975.25,2890.35009765625,2943.14990234375,2941.691650390625,1655401,0.0,0.0,ADANIENT.NS,Adani Enterprises
2024-09-20 00:00:00+05:30,2948.14990234375,3025.0,2942.050048828125,3008.5,3007.00927734375,1787210,0.0,0.0,ADANIENT.NS,Adani Enterprises
2024-09-23 00:00:00+05:30,3020.0,3070.0,3015.25,3043.949951171875,3042.441650390625,897314,0.0,0.0,ADANIENT.NS,Adani Enterprises
2024-09-24 00:00:00+05:30,3055.0,3101.0,3040.25,3093.89990234375,3092.366943359375,1021918,0.0,0.0,ADANIENT.NS,Adani Enterprises
2024-09-25 00:00:00+05:30,3108.0,3123.89990234375,3080.199951171875,3105.10009765625,3103.5615234375,913008,0.0,0.0,ADANIENT.NS,Adani Enterprises
2024-09-26 00:00:00+05:30,3085.0,3148.0,3085.0,3122.64990234375,3121.1025390625,1548019,0.0,0.0,ADANIENT.NS,Adani Enterprises
2024-09-27 00:00:00+05:30,3122.0,3179.0,3116.0,3130.300048828125,3128.7490234375,2297441,0.0,0.0,ADANIENT.NS,Adani Enterprises
2024-09-30 00:00:00+05:30,3129.0,3209.89990234375,3120.39990234375,3135.85009765625,3134.29638671875,1607429,0.0,0.0,ADANIENT.NS,Adani Enterprises
2024-10-01 00:00:00+05:30,3136.300048828125,3192.0,3107.0,3186.10009765625,3184.521484375,1367116,0.0,0.0,ADANIENT.NS,Adani Enterprises
2024-10-03 00:00:00+05:30,3150.0,3196.35009765625,3084.10009765625,3116.0,3114.4560546875,1309703,0.0,0.0,ADANIENT.NS,Adani Enterprises
2024-10-04 00:00:00+05:30,3119.89990234375,3149.5,3070.0,3110.64990234375,3109.108642578125,987583,0.0,0.0,ADANIENT.NS,Adani Enterprises
2024-10-07 00:00:00+05:30,3110.64990234375,3128.5,2980.449951171875,3018.0,3016.504638671875,1743454,0.0,0.0,ADANIENT.NS,Adani Enterprises
2024-10-08 00:00:00+05:30,3018.5,3170.0,2994.85009765625,3160.699951171875,3159.1337890625,1776511,0.0,0.0,ADANIENT.NS,Adani Enterprises
2024-10-09 00:00:00+05:30,3175.0,3179.949951171875,3134.39990234375,3153.75,3152.187255859375,897335,0.0,0.0,ADANIENT.NS,Adani Enterprises
2024-10-10 00:00:00+05:30,3140.0,3211.0,3056.10009765625,3174.199951171875,3172.627197265625,2905725,0.0,0.0,ADANIENT.NS,Adani Enterprises
2024-10-11 00:00:00+05:30,3174.199951171875,3190.0,3116.0,3137.199951171875,3135.6455078125,1035260,0.0,0.0,ADANIENT.NS,Adani Enterprises
2024-10-14 00:00:00+05:30,3145.0,3150.10009765625,3092.85009765625,3101.10009765625,3099.5634765625,437728,0.0,0.0,ADANIENT.NS,Adani Enterprises
2024-10-15 00:00:00+05:30,3124.0,3128.0,3091.5,3104.699951171875,3103.16162109375,371613,0.0,0.0,ADANIENT.NS,Adani Enterprises
2024-10-16 00:00:00+05:30,3098.0,3115.39990234375,3061.0,3085.89990234375,3084.370849609375,543476,0.0,0.0,ADANIENT.NS,Adani Enterprises
2024-10-17 00:00:00+05:30,3089.949951171875,3100.0,2993.0,3013.75,3012.256591796875,2655289,0.0,0.0,ADANIENT.NS,Adani Enterprises
2024-10-18 00:00:00+05:30,2990.0,3031.699951171875,2968.10009765625,3002.0,3000.512451171875,796339,0.0,0.0,ADANIENT.NS,Adani Enterprises
2024-10-21 00:00:00+05:30,3005.14990234375,3014.949951171875,2916.949951171875,2937.64990234375,2936.1943359375,1051690,0.0,0.0,ADANIENT.NS,Adani Enterprises
2024-10-22 00:00:00+05:30,2938.0,2955.0,2818.0,2823.800048828125,2822.40087890625,1209732,0.0,0.0,ADANIENT.NS,Adani Enterprises
2024-10-23 00:00:00+05:30,2840.85009765625,2879.0,2820.10009765625,2835.550048828125,2834.14501953125,1270530,0.0,0.0,ADANIENT.NS,Adani Enterprises
2024-10-24 00:00:00+05:30,2841.050048828125,2875.14990234375,2807.89990234375,2830.199951171875,2828.797607421875,942066,0.0,0.0,ADANIENT.NS,Adani Enterprises
2024-10-25 00:00:00+05:30,2845.0,2847.0,2654.699951171875,2693.449951171875,2692.115478515625,1954174,0.0,0.0,ADANIENT.NS,Adani Enterprises
2024-10-28 00:00:00+05:30,2701.10009765625,2822.39990234375,2672.10009765625,2798.64990234375,2797.26318359375,1385033,0.0,0.0,ADANIENT.NS,Adani Enterprises
2024-10-29 00:00:00+05:30,2803.0,2863.050048828125,2732.85009765625,2848.60009765625,2847.188720703125,1529844,0.0,0.0,ADANIENT.NS,Adani Enterprises
2024-10-30 00:00:00+05:30,2864.0,2997.14990234375,2815.050048828125,2969.300048828125,2967.828857421875,2884272,0.0,0.0,ADANIENT.NS,Adani Enterprises
2024-10-31 00:00:00+05:30,2967.89990234375,2976.5,2933.85009765625,2947.25,2945.78955078125,1156390,0.0,0.0,ADANIENT.NS,Adani Enterprises
2024-11-01 00:00:00+05:30,2960.0,2975.60009765625,2928.39990234375,2949.5,2948.03857421875,304673,0.0,0.0,ADANIENT.NS,Adani Enterprises
2024-11-04 00:00:00+05:30,2935.0,2943.0,2857.75,2897.39990234375,2895.96435546875,1059384,0.0,0.0,ADANIENT.NS,Adani Enterprises
2024-11-05 00:00:00+05:30,2897.39990234375,2924.0,2870.0,2915.550048828125,2914.10546875,752303,0.0,0.0,ADANIENT.NS,Adani Enterprises
2024-11-06 00:00:00+05:30,2918.0,3070.0,2918.0,3046.25,3044.74072265625,1676755,0.0,0.0,ADANIENT.NS,Adani Enterprises
2024-11-07 00:00:00+05:30,3045.0,3045.0,2943.050048828125,2970.10009765625,2968.62841796875,1285585,0.0,0.0,ADANIENT.NS,Adani Enterprises
2024-11-08 00:00:00+05:30,2965.10009765625,2995.0,2911.25,2929.10009765625,2927.648681640625,835641,0.0,0.0,ADANIENT.NS,Adani Enterprises
2024-11-11 00:00:00+05:30,2928.0,2946.800048828125,2888.0,2903.64990234375,2902.211181640625,584144,0.0,0.0,ADANIENT.NS,Adani Enterprises
2024-11-12 00:00:00+05:30,2910.0,2930.449951171875,2855.0,2870.0,2868.577880859375,597231,0.0,0.0,ADANIENT.NS,Adani Enterprises
2024-11-13 00:00:00+05:30,2860.0,2889.0,2808.0,2816.699951171875,2815.30419921875,890146,0.0,0.0,ADANIENT.NS,Adani Enterprises
2024-11-14 00:00:00+05:30,2824.0,2844.800048828125,2801.0,2826.800048828125,2825.3994140625,646797,0.0,0.0,ADANIENT.NS,Adani Enterprises
2024-11-18 00:00:00+05:30,2826.800048828125,2858.64990234375,2793.300048828125,2818.699951171875,2817.30322265625,489692,0.0,0.0,ADANIENT.NS,Adani Enterprises
2024-11-19 00:00:00+05:30,2831.0,2894.800048828125,2809.800048828125,2821.5,2820.10205078125,536296,0.0,0.0,ADANIENT.NS,Adani Enterprises
2024-11-21 00:00:00+05:30,2539.35009765625,2539.35009765625,2155.050048828125,2183.64990234375,2182.56787109375,21796668,0.0,0.0,ADANIENT.NS,Adani Enterprises
2024-11-22 00:00:00+05:30,2101.0,2289.699951171875,2025.0,2228.0,2226.89599609375,20939196,0.0,0.0,ADANIENT.NS,Adani Enterprises
2024-11-25 00:00:00+05:30,2315.0,2333.64990234375,2238.0,2257.5,2256.38134765625,7466733,0.0,0.0,ADANIENT.NS,Adani Enterprises
2024-11-26 00:00:00+05:30,2265.60009765625,2292.85009765625,2136.0,2150.5,2149.434326171875,7723187,0.0,0.0,ADANIENT.NS,Adani Enterprises
2024-11-27 00:00:00+05:30,2180.0,2418.0,2142.14990234375,2397.800048828125,2396.612060546875,17502156,0.0,0.0,ADANIENT.NS,Adani Enterprises
2024-11-28 00:00:00+05:30,2440.0,2526.300048828125,2400.0,2437.10009765625,2435.892578125,14445549,0.0,0.0,ADANIENT.NS,Adani Enterprises
2024-11-29 00:00:00+05:30,2464.050048828125,2520.0,2400.0,2463.14990234375,2461.929443359375,8191680,0.0,0.0,ADANIENT.NS,Adani Enterprises
2024-12-02 00:00:00+05:30,2491.35009765625,2508.0,2426.60009765625,2457.050048828125,2455.83251953125,3807565,0.0,0.0,ADANIENT.NS,Adani Enterprises
2024-12-03 00:00:00+05:30,2464.0,2558.0,2462.050048828125,2514.199951171875,2512.9541015625,4070042,0.0,0.0,ADANIENT.NS,Adani Enterprises
2024-12-04 00:00:00+05:30,2528.0,2530.050048828125,2470.10009765625,2494.75,2493.513916015625,2344949,0.0,0.0,ADANIENT.NS,Adani Enterprises
2024-12-05 00:00:00+05:30,2505.0,2538.14990234375,2470.25,2522.550048828125,2521.300048828125,3333144,0.0,0.0,ADANIENT.NS,Adani Enterprises
2024-12-06 00:00:00+05:30,2520.0,2535.0,2502.5,2506.39990234375,2505.157958984375,1240437,0.0,0.0,ADANIENT.NS,Adani Enterprises
2024-12-09 00:00:00+05:30,2507.89990234375,2526.0,2483.14990234375,2495.85009765625,2494.613525390625,958369,0.0,0.0,ADANIENT.NS,Adani Enterprises
2024-12-10 00:00:00+05:30,2501.0,2501.0,2455.0,2467.199951171875,2465.9775390625,1119816,0.0,0.0,ADANIENT.NS,Adani Enterprises
2024-12-11 00:00:00+05:30,2469.0,2480.0,2451.0,2457.25,2456.032470703125,712674,0.0,0.0,ADANIENT.NS,Adani Enterprises
2024-12-12 00:00:00+05:30,2457.0,2534.800048828125,2446.25,2504.10009765625,2502.859375,2579624,0.0,0.0,ADANIENT.NS,Adani Enterprises
2024-12-13 00:00:00+05:30,2504.0,2545.0,2479.050048828125,2527.550048828125,2526.297607421875,1940935,0.0,0.0,ADANIENT.NS,Adani Enterprises
2024-12-16 00:00:00+05:30,2530.0,2537.5,2503.0,2512.39990234375,2511.155029296875,654321,0.0,0.0,ADANIENT.NS,Adani Enterprises
2024-12-17 00:00:00+05:30,2512.0,2525.0,2480.75,2487.60009765625,2486.367431640625,1061891,0.0,0.0,ADANIENT.NS,Adani Enterprises
2024-12-18 00:00:00+05:30,2489.0,2496.60009765625,2452.0,2457.39990234375,2456.182373046875,990217,0.0,0.0,ADANIENT.NS,Adani Enterprises
2024-12-19 00:00:00+05:30,2429.0,2434.0,2397.10009765625,2419.35009765625,2418.1513671875,1181898,0.0,0.0,ADANIENT.NS,Adani Enterprises
2024-12-20 00:00:00+05:30,2429.0,2453.85009765625,2333.0,2344.949951171875,2343.7880859375,1337016,0.0,0.0,ADANIENT.NS,Adani Enterprises
2024-12-23 00:00:00+05:30,2373.949951171875,2379.5,2332.75,2338.949951171875,2337.791015625,758920,0.0,0.0,ADANIENT.NS,Adani Enterprises
2024-12-24 00:00:00+05:30,2355.199951171875,2412.89990234375,2340.0,2372.449951171875,2371.2744140625,1156186,0.0,0.0,ADANIENT.NS,Adani Enterprises
2024-12-26 00:00:00+05:30,2378.050048828125,2410.0,2368.0,2400.25,2399.060791015625,895785,0.0,0.0,ADANIENT.NS,Adani Enterprises
2024-12-27 00:00:00+05:30,2415.0,2446.14990234375,2390.5,2409.949951171875,2408.755859375,1982291,0.0,0.0,ADANIENT.NS,Adani Enterprises
2024-12-30 00:00:00+05:30,2425.0,2610.0,2421.949951171875,2592.35009765625,2591.065673828125,7825097,0.0,0.0,ADANIENT.NS,Adani Enterprises
2024-12-31 00:00:00+05:30,2575.0,2577.75,2507.449951171875,2528.64990234375,2527.39697265625,2745674,0.0,0.0,ADANIENT.NS,Adani Enterprises
2025-01-01 00:00:00+05:30,2536.0,2644.199951171875,2518.25,2554.85009765625,2553.584228515625,2875721,0.0,0.0,ADANIENT.NS,Adani Enterprises
2025-01-02 00:00:00+05:30,2565.699951171875,2602.0,2537.0,2597.699951171875,2596.412841796875,1167236,0.0,0.0,ADANIENT.NS,Adani Enterprises
2025-01-03 00:00:00+05:30,2580.0,2619.0,2556.60009765625,2564.60009765625,2563.329345703125,932795,0.0,0.0,ADANIENT.NS,Adani Enterprises
2025-01-06 00:00:00+05:30,2557.64990234375,2568.85009765625,2463.5,2474.449951171875,2473.223876953125,1121398,0.0,0.0,ADANIENT.NS,Adani Enterprises
2025-01-07 00:00:00+05:30,2474.64990234375,2525.0,2474.64990234375,2520.550048828125,2519.301025390625,1019130,0.0,0.0,ADANIENT.NS,Adani Enterprises
2025-01-08 00:00:00+05:30,2520.550048828125,2530.0,2490.0,2515.25,2514.003662109375,879641,0.0,0.0,ADANIENT.NS,Adani Enterprises
2025-01-09 00:00:00+05:30,2517.0,2517.550048828125,2469.5,2477.89990234375,2476.672119140625,705838,0.0,0.0,ADANIENT.NS,Adani Enterprises
2025-01-10 00:00:00+05:30,2480.0,2484.60009765625,2368.25,2374.39990234375,2373.223388671875,1418808,0.0,0.0,ADANIENT.NS,Adani Enterprises
2025-01-13 00:00:00+05:30,2365.0,2365.0,2216.89990234375,2225.14990234375,2224.04736328125,1559903,0.0,0.0,ADANIENT.NS,Adani Enterprises
2025-01-14 00:00:00+05:30,2241.5,2422.89990234375,2241.5,2380.550048828125,2379.37060546875,4120705,0.0,0.0,ADANIENT.NS,Adani Enterprises
2025-01-15 00:00:00+05:30,2399.0,2421.949951171875,2372.64990234375,2388.14990234375,2386.966552734375,1421437,0.0,0.0,ADANIENT.NS,Adani Enterprises
2025-01-16 00:00:00+05:30,2500.0,2570.0,2418.85009765625,2427.85009765625,2426.647216796875,2841803,0.0,0.0,ADANIENT.NS,Adani Enterprises
2025-01-17 00:00:00+05:30,2450.0,2450.0,2380.050048828125,2399.800048828125,2398.611083984375,1122205,0.0,0.0,ADANIENT.NS,Adani Enterprises
2025-01-20 00:00:00+05:30,2413.75,2454.0,2390.0,2442.800048828125,2441.589599609375,1039435,0.0,0.0,ADANIENT.NS,Adani Enterprises
2025-01-21 00:00:00+05:30,2441.75,2441.75,2373.64990234375,2384.300048828125,2383.11865234375,1206512,0.0,0.0,ADANIENT.NS,Adani Enterprises
2025-01-22 00:00:00+05:30,2399.0,2399.0,2325.14990234375,2376.550048828125,2375.37255859375,1147334,0.0,0.0,ADANIENT.NS,Adani Enterprises
2025-01-23 00:00:00+05:30,2383.0,2405.14990234375,2355.0,2385.0,2383.818359375,826721,0.0,0.0,ADANIENT.NS,Adani Enterprises
2025-01-24 00:00:00+05:30,2387.75,2406.0,2299.39990234375,2315.10009765625,2313.952880859375,1388583,0.0,0.0,ADANIENT.NS,Adani Enterprises
2025-01-27 00:00:00+05:30,2310.050048828125,2318.10009765625,2250.050048828125,2259.699951171875,2258.580322265625,1032995,0.0,0.0,ADANIENT.NS,Adani Enterprises
2025-01-28 00:00:00+05:30,2274.199951171875,2315.85009765625,2242.0,2286.050048828125,2284.917236328125,966497,0.0,0.0,ADANIENT.NS,Adani Enterprises
2025-01-29 00:00:00+05:30,2297.0,2326.25,2282.60009765625,2318.60009765625,2317.451171875,785220,0.0,0.0,ADANIENT.NS,Adani Enterprises
2025-01-30 00:00:00+05:30,2325.0,2351.5,2201.300048828125,2252.60009765625,2251.48388671875,2601625,0.0,0.0,ADANIENT.NS,Adani Enterprises
2025-01-31 00:00:00+05:30,2238.85009765625,2314.949951171875,2213.75,2287.800048828125,2286.66650390625,2013345,0.0,0.0,ADANIENT.NS,Adani Enterprises
2025-02-01 00:00:00+05:30,2297.0,2351.449951171875,2237.550048828125,2270.0,2268.875244140625,987362,0.0,0.0,ADANIENT.NS,Adani Enterprises
2025-02-03 00:00:00+05:30,2266.75,2279.0,2213.89990234375,2261.85009765625,2260.729248046875,824942,0.0,0.0,ADANIENT.NS,Adani Enterprises
2025-02-04 00:00:00+05:30,2278.89990234375,2312.0,2267.550048828125,2301.5,2300.359619140625,691187,0.0,0.0,ADANIENT.NS,Adani Enterprises
2025-02-05 00:00:00+05:30,2314.949951171875,2349.39990234375,2309.050048828125,2324.60009765625,2323.4482421875,560940,0.0,0.0,ADANIENT.NS,Adani Enterprises
2025-02-06 00:00:00+05:30,2340.0,2340.0,2298.199951171875,2312.449951171875,2311.30419921875,680544,0.0,0.0,ADANIENT.NS,Adani Enterprises
2025-02-07 00:00:00+05:30,2312.449951171875,2374.89990234375,2307.35009765625,2338.800048828125,2337.64111328125,892884,0.0,0.0,ADANIENT.NS,Adani Enterprises
2025-02-10 00:00:00+05:30,2350.0,2350.949951171875,2280.10009765625,2290.800048828125,2289.6650390625,739708,0.0,0.0,ADANIENT.NS,Adani Enterprises
2025-02-11 00:00:00+05:30,2312.0,2397.0,2306.0,2321.75,2320.599609375,4895456,0.0,0.0,ADANIENT.NS,Adani Enterprises
2025-02-12 00:00:00+05:30,2325.0,2378.449951171875,2281.0,2353.449951171875,2352.283935546875,1933098,0.0,0.0,ADANIENT.NS,Adani Enterprises
2025-02-13 00:00:00+05:30,2354.0,2372.75,2233.39990234375,2244.699951171875,2243.587646484375,2551665,0.0,0.0,ADANIENT.NS,Adani Enterprises
2025-02-14 00:00:00+05:30,2245.699951171875,2249.300048828125,2124.550048828125,2152.64990234375,2151.583251953125,2549876,0.0,0.0,ADANIENT.NS,Adani Enterprises
2025-02-17 00:00:00+05:30,2152.64990234375,2240.39990234375,2110.64990234375,2223.699951171875,2222.59814453125,1400160,0.0,0.0,ADANIENT.NS,Adani Enterprises
2025-02-18 00:00:00+05:30,2240.0,2240.0,2166.050048828125,2220.300048828125,2219.199951171875,1138085,0.0,0.0,ADANIENT.NS,Adani Enterprises
2025-02-19 00:00:00+05:30,2166.0,2219.39990234375,2127.0,2180.800048828125,2179.719482421875,1203163,0.0,0.0,ADANIENT.NS,Adani Enterprises
2025-02-20 00:00:00+05:30,2180.800048828125,2216.35009765625,2156.800048828125,2179.0,2177.92041015625,1086670,0.0,0.0,ADANIENT.NS,Adani Enterprises
2025-02-21 00:00:00+05:30,2190.449951171875,2199.60009765625,2116.85009765625,2133.10009765625,2132.043212890625,1540308,0.0,0.0,ADANIENT.NS,Adani Enterprises
2025-02-24 00:00:00+05:30,2128.949951171875,2138.5,2096.699951171875,2115.14990234375,2114.101806640625,1032294,0.0,0.0,ADANIENT.NS,Adani Enterprises
2025-02-25 00:00:00+05:30,2115.14990234375,2158.300048828125,2102.0,2129.85009765625,2128.794677734375,802131,0.0,0.0,ADANIENT.NS,Adani Enterprises
2025-02-27 00:00:00+05:30,2143.75,2149.10009765625,2102.5,2110.949951171875,2109.904052734375,941950,0.0,0.0,ADANIENT.NS,Adani Enterprises
2025-02-28 00:00:00+05:30,2107.0,2111.35009765625,2072.0,2096.0,2094.96142578125,2373922,0.0,0.0,ADANIENT.NS,Adani Enterprises
2025-03-03 00:00:00+05:30,2109.0,2127.25,2026.550048828125,2117.10009765625,2116.051025390625,1592611,0.0,0.0,ADANIENT.NS,Adani Enterprises
2025-03-04 00:00:00+05:30,2085.10009765625,2154.0,2080.0,2144.800048828125,2143.7373046875,852978,0.0,0.0,ADANIENT.NS,Adani Enterprises
2025-03-05 00:00:00+05:30,2153.949951171875,2258.39990234375,2148.050048828125,2245.85009765625,2244.7373046875,1370106,0.0,0.0,ADANIENT.NS,Adani Enterprises
2025-03-06 00:00:00+05:30,2260.0,2268.89990234375,2226.14990234375,2252.85009765625,2251.73388671875,890270,0.0,0.0,ADANIENT.NS,Adani Enterprises
2025-03-07 00:00:00+05:30,2249.949951171875,2267.64990234375,2227.0,2247.5,2246.386474609375,818806,0.0,0.0,ADANIENT.NS,Adani Enterprises
2025-03-10 00:00:00+05:30,2245.0,2288.0,2220.0,2228.300048828125,2227.196044921875,940113,0.0,0.0,ADANIENT.NS,Adani Enterprises
2025-03-11 00:00:00+05:30,2223.14990234375,2267.85009765625,2208.300048828125,2250.60009765625,2249.48486328125,947079,0.0,0.0,ADANIENT.NS,Adani Enterprises
2025-03-12 00:00:00+05:30,2270.0,2280.0,2180.949951171875,2241.800048828125,2240.689208984375,1049076,0.0,0.0,ADANIENT.NS,Adani Enterprises
2025-03-13 00:00:00+05:30,2249.0,2273.0,2215.60009765625,2221.10009765625,2219.99951171875,750310,0.0,0.0,ADANIENT.NS,Adani Enterprises
2025-03-17 00:00:00+05:30,2200.0,2286.89990234375,2198.0,2252.699951171875,2251.583740234375,927737,0.0,0.0,ADANIENT.NS,Adani Enterprises
2025-03-18 00:00:00+05:30,2252.699951171875,2252.699951171875,2252.699951171875,2252.699951171875,2251.583740234375,0,0.0,0.0,ADANIENT.NS,Adani Enterprises
2025-03-19 00:00:00+05:30,2319.949951171875,2342.0,2311.050048828125,2318.64990234375,2317.5009765625,1030345,0.0,0.0,ADANIENT.NS,Adani Enterprises
2025-03-20 00:00:00+05:30,2348.0,2348.0,2299.0,2339.300048828125,2338.140869140625,2587050,0.0,0.0,ADANIENT.NS,Adani Enterprises
2025-03-21 00:00:00+05:30,2343.800048828125,2389.550048828125,2338.0,2362.800048828125,2361.62939453125,1101418,0.0,0.0,ADANIENT.NS,Adani Enterprises
2025-03-24 00:00:00+05:30,2370.0,2395.0,2361.10009765625,2368.699951171875,2367.5263671875,1010184,0.0,0.0,ADANIENT.NS,Adani Enterprises
2025-03-25 00:00:00+05:30,2385.0,2387.64990234375,2315.10009765625,2320.35009765625,2319.200439453125,763065,0.0,0.0,ADANIENT.NS,Adani Enterprises
2025-03-26 00:00:00+05:30,2324.89990234375,2359.85009765625,2308.050048828125,2312.60009765625,2311.4541015625,1078870,0.0,0.0,ADANIENT.NS,Adani Enterprises
2025-03-27 00:00:00+05:30,2310.0,2373.89990234375,2291.60009765625,2363.35009765625,2362.178955078125,1696042,0.0,0.0,ADANIENT.NS,Adani Enterprises
2025-03-28 00:00:00+05:30,2376.0,2386.949951171875,2293.699951171875,2315.800048828125,2314.652587890625,1838836,0.0,0.0,ADANIENT.NS,Adani Enterprises
2025-04-01 00:00:00+05:30,2312.0,2358.949951171875,2301.0,2335.25,2334.093017578125,501942,0.0,0.0,ADANIENT.NS,Adani Enterprises
2025-04-02 00:00:00+05:30,2339.75,2378.85009765625,2314.550048828125,2369.39990234375,2368.225830078125,573928,0.0,0.0,ADANIENT.NS,Adani Enterprises
2025-04-03 00:00:00+05:30,2339.75,2429.89990234375,2339.699951171875,2410.800048828125,2409.60546875,1023200,0.0,0.0,ADANIENT.NS,Adani Enterprises
2025-04-04 00:00:00+05:30,2394.949951171875,2410.050048828125,2315.5,2334.64990234375,2333.4931640625,1219733,0.0,0.0,ADANIENT.NS,Adani Enterprises
2025-04-07 00:00:00+05:30,2150.050048828125,2239.0,2145.0,2212.699951171875,2211.603515625,1567177,0.0,0.0,ADANIENT.NS,Adani Enterprises
2025-04-08 00:00:00+05:30,2270.0,2301.0,2225.0,2285.699951171875,2284.5673828125,1224337,0.0,0.0,ADANIENT.NS,Adani Enterprises
2025-04-09 00:00:00+05:30,2265.699951171875,2279.550048828125,2215.199951171875,2236.89990234375,2235.79150390625,1001633,0.0,0.0,ADANIENT.NS,Adani Enterprises
2025-04-11 00:00:00+05:30,2303.050048828125,2343.5,2281.0,2321.39990234375,2320.249755859375,981463,0.0,0.0,ADANIENT.NS,Adani Enterprises
2025-04-15 00:00:00+05:30,2375.0,2440.0,2359.0,2418.199951171875,2417.001708984375,1145125,0.0,0.0,ADANIENT.NS,Adani Enterprises
2025-04-16 00:00:00+05:30,2400.0,2428.0,2382.89990234375,2415.60009765625,2414.403076171875,889949,0.0,0.0,ADANIENT.NS,Adani Enterprises
2025-04-17 00:00:00+05:30,2418.0,2448.60009765625,2392.0,2418.10009765625,2416.90185546875,1054797,0.0,0.0,ADANIENT.NS,Adani Enterprises
2025-04-21 00:00:00+05:30,2426.10009765625,2464.89990234375,2395.5,2442.699951171875,2441.489501953125,782559,0.0,0.0,ADANIENT.NS,Adani Enterprises
2025-04-22 00:00:00+05:30,2458.89990234375,2483.39990234375,2441.0,2445.5,2444.288330078125,766567,0.0,0.0,ADANIENT.NS,Adani Enterprises
2025-04-23 00:00:00+05:30,2460.0,2473.800048828125,2421.199951171875,2453.60009765625,2452.38427734375,672262,0.0,0.0,ADANIENT.NS,Adani Enterprises
2025-04-24 00:00:00+05:30,2450.0,2461.39990234375,2425.10009765625,2442.5,2441.289794921875,596626,0.0,0.0,ADANIENT.NS,Adani Enterprises
2025-04-25 00:00:00+05:30,2450.10009765625,2459.5,2323.5,2354.300048828125,2353.133544921875,1414809,0.0,0.0,ADANIENT.NS,Adani Enterprises
2025-04-28 00:00:00+05:30,2346.0,2402.0,2337.60009765625,2369.800048828125,2368.625732421875,681421,0.0,0.0,ADANIENT.NS,Adani Enterprises
2025-04-29 00:00:00+05:30,2392.0,2400.0,2325.60009765625,2330.60009765625,2329.4453125,670730,0.0,0.0,ADANIENT.NS,Adani Enterprises
2025-04-30 00:00:00+05:30,2331.39990234375,2340.0,2285.0,2301.300048828125,2300.15966796875,837464,0.0,0.0,ADANIENT.NS,Adani Enterprises
2025-05-02 00:00:00+05:30,2349.89990234375,2372.39990234375,2290.0,2299.10009765625,2297.9609375,1695797,0.0,0.0,ADANIENT.NS,Adani Enterprises
2025-05-05 00:00:00+05:30,2312.60009765625,2497.0,2297.800048828125,2455.5,2454.283203125,4227194,0.0,0.0,ADANIENT.NS,Adani Enterprises
2025-05-06 00:00:00+05:30,2454.0,2463.199951171875,2343.5,2354.0,2352.83349609375,1524692,0.0,0.0,ADANIENT.NS,Adani Enterprises
2025-05-07 00:00:00+05:30,2315.0,2379.5,2315.0,2353.10009765625,2351.93408203125,1012640,0.0,0.0,ADANIENT.NS,Adani Enterprises
2025-05-08 00:00:00+05:30,2362.0,2367.800048828125,2260.0,2285.300048828125,2284.167724609375,1380069,0.0,0.0,ADANIENT.NS,Adani Enterprises
2025-05-09 00:00:00+05:30,2240.0,2273.10009765625,2233.0,2251.0,2249.884765625,1006000,0.0,0.0,ADANIENT.NS,Adani Enterprises
2025-05-12 00:00:00+05:30,2350.0,2433.300048828125,2315.0,2425.300048828125,2424.098388671875,2147039,0.0,0.0,ADANIENT.NS,Adani Enterprises
2025-05-13 00:00:00+05:30,2425.0,2454.89990234375,2405.0,2441.199951171875,2439.990234375,1815174,0.0,0.0,ADANIENT.NS,Adani Enterprises
2025-05-14 00:00:00+05:30,2444.89990234375,2481.89990234375,2430.10009765625,2461.89990234375,2460.679931640625,774441,0.0,0.0,ADANIENT.NS,Adani Enterprises
2025-05-15 00:00:00+05:30,2463.39990234375,2526.800048828125,2450.699951171875,2520.0,2518.75146484375,1554800,0.0,0.0,ADANIENT.NS,Adani Enterprises
2025-05-16 00:00:00+05:30,2529.0,2584.199951171875,2516.199951171875,2555.0,2553.734130859375,1641135,0.0,0.0,ADANIENT.NS,Adani Enterprises
2025-05-19 00:00:00+05:30,2571.300048828125,2578.800048828125,2536.0,2540.60009765625,2539.34130859375,680957,0.0,0.0,ADANIENT.NS,Adani Enterprises
2025-05-20 00:00:00+05:30,2545.0,2564.800048828125,2492.5,2501.60009765625,2500.360595703125,628023,0.0,0.0,ADANIENT.NS,Adani Enterprises
2025-05-21 00:00:00+05:30,2509.699951171875,2524.5,2483.699951171875,2500.39990234375,2499.160888671875,529234,0.0,0.0,ADANIENT.NS,Adani Enterprises
2025-05-22 00:00:00+05:30,2500.39990234375,2521.89990234375,2465.300048828125,2487.60009765625,2486.367431640625,906909,0.0,0.0,ADANIENT.NS,Adani Enterprises
2025-05-23 00:00:00+05:30,2499.0,2548.10009765625,2490.5,2540.0,2538.741455078125,968415,0.0,0.0,ADANIENT.NS,Adani Enterprises
2025-05-26 00:00:00+05:30,2549.10009765625,2568.89990234375,2541.300048828125,2547.699951171875,2546.4375,552912,0.0,0.0,ADANIENT.NS,Adani Enterprises
2025-05-27 00:00:00+05:30,2545.89990234375,2569.10009765625,2526.10009765625,2540.300048828125,2539.041259765625,514936,0.0,0.0,ADANIENT.NS,Adani Enterprises
2025-05-28 00:00:00+05:30,2559.0,2559.0,2510.0,2515.0,2513.75390625,575989,0.0,0.0,ADANIENT.NS,Adani Enterprises
2025-05-29 00:00:00+05:30,2536.699951171875,2559.0,2511.0,2540.800048828125,2539.541015625,802317,0.0,0.0,ADANIENT.NS,Adani Enterprises
2025-05-30 00:00:00+05:30,2550.0,2564.0,2513.800048828125,2519.89990234375,2518.6513671875,684592,0.0,0.0,ADANIENT.NS,Adani Enterprises
2025-06-02 00:00:00+05:30,2527.0,2564.0,2514.89990234375,2518.800048828125,2517.552001953125,1008716,0.0,0.0,ADANIENT.NS,Adani Enterprises
2025-06-03 00:00:00+05:30,2511.0,2512.5,2452.0,2470.89990234375,2469.675537109375,962656,0.0,0.0,ADANIENT.NS,Adani Enterprises
2025-06-04 00:00:00+05:30,2480.0,2503.0,2441.10009765625,2489.39990234375,2488.16650390625,552667,0.0,0.0,ADANIENT.NS,Adani Enterprises
2025-06-05 00:00:00+05:30,2495.0,2530.10009765625,2487.5,2504.39990234375,2503.158935546875,673209,0.0,0.0,ADANIENT.NS,Adani Enterprises
2025-06-06 00:00:00+05:30,2514.89990234375,2553.300048828125,2504.0,2534.199951171875,2532.9443359375,640680,0.0,0.0,ADANIENT.NS,Adani Enterprises
2025-06-09 00:00:00+05:30,2545.0,2604.10009765625,2524.5,2582.10009765625,2580.82080078125,1711167,0.0,0.0,ADANIENT.NS,Adani Enterprises
2025-06-10 00:00:00+05:30,2600.0,2663.199951171875,2577.699951171875,2613.10009765625,2611.805419921875,2084054,0.0,0.0,ADANIENT.NS,Adani Enterprises
2025-06-11 00:00:00+05:30,2630.0,2630.89990234375,2563.10009765625,2581.199951171875,2579.9208984375,745432,0.0,0.0,ADANIENT.NS,Adani Enterprises
2025-06-12 00:00:00+05:30,2591.5,2601.800048828125,2530.0,2543.699951171875,2542.439453125,955097,0.0,0.0,ADANIENT.NS,Adani Enterprises
2025-06-13 00:00:00+05:30,2498.0,2516.0,2460.0,2507.89990234375,2507.89990234375,695869,1.260331,0.0,ADANIENT.NS,Adani Enterprises
2025-06-16 00:00:00+05:30,2500.0,2563.300048828125,2462.0,2544.0,2544.0,956459,0.0,0.0,ADANIENT.NS,Adani Enterprises
2025-06-17 00:00:00+05:30,2535.0,2539.60009765625,2479.0,2488.5,2488.5,703343,0.0,0.0,ADANIENT.NS,Adani Enterprises
2025-06-18 00:00:00+05:30,2491.89990234375,2495.89990234375,2445.39990234375,2459.10009765625,2459.10009765625,667044,0.0,0.0,ADANIENT.NS,Adani Enterprises
2025-06-19 00:00:00+05:30,2466.300048828125,2468.89990234375,2405.10009765625,2420.60009765625,2420.60009765625,688209,0.0,0.0,ADANIENT.NS,Adani Enterprises
2025-06-20 00:00:00+05:30,2428.0,2461.300048828125,2415.0,2448.39990234375,2448.39990234375,3002549,0.0,0.0,ADANIENT.NS,Adani Enterprises
2025-06-23 00:00:00+05:30,2438.0,2492.60009765625,2421.0,2472.0,2472.0,790533,0.0,0.0,ADANIENT.NS,Adani Enterprises
2025-06-24 00:00:00+05:30,2504.0,2544.60009765625,2500.199951171875,2505.60009765625,2505.60009765625,996372,0.0,0.0,ADANIENT.NS,Adani Enterprises
2025-06-25 00:00:00+05:30,2519.89990234375,2541.60009765625,2512.10009765625,2527.199951171875,2527.199951171875,921346,0.0,0.0,ADANIENT.NS,Adani Enterprises
2025-06-26 00:00:00+05:30,2535.0,2593.60009765625,2522.199951171875,2586.199951171875,2586.199951171875,1339627,0.0,0.0,ADANIENT.NS,Adani Enterprises
2025-06-27 00:00:00+05:30,2587.699951171875,2681.60009765625,2582.0,2646.300048828125,2646.300048828125,4049316,0.0,0.0,ADANIENT.NS,Adani Enterprises
2025-06-30 00:00:00+05:30,2650.0,2653.89990234375,2605.89990234375,2619.39990234375,2619.39990234375,694814,0.0,0.0,ADANIENT.NS,Adani Enterprises
2025-07-01 00:00:00+05:30,2624.89990234375,2645.0,2603.0,2621.800048828125,2621.800048828125,729197,0.0,0.0,ADANIENT.NS,Adani Enterprises
2025-07-02 00:00:00+05:30,2634.0,2646.0,2613.60009765625,2630.199951171875,2630.199951171875,621409,0.0,0.0,ADANIENT.NS,Adani Enterprises
2025-07-03 00:00:00+05:30,2634.0,2644.0,2605.10009765625,2611.199951171875,2611.199951171875,502724,0.0,0.0,ADANIENT.NS,Adani Enterprises
2025-07-04 00:00:00+05:30,2617.0,2617.0,2582.199951171875,2599.10009765625,2599.10009765625,370305,0.0,0.0,ADANIENT.NS,Adani Enterprises
2025-07-07 00:00:00+05:30,2602.0,2605.39990234375,2572.0,2576.10009765625,2576.10009765625,412159,0.0,0.0,ADANIENT.NS,Adani Enterprises
2025-07-08 00:00:00+05:30,2586.0,2600.0,2573.0,2591.300048828125,2591.300048828125,357686,0.0,0.0,ADANIENT.NS,Adani Enterprises
2025-07-09 00:00:00+05:30,2599.0,2609.89990234375,2570.0,2583.0,2583.0,396880,0.0,0.0,ADANIENT.NS,Adani Enterprises
2025-07-10 00:00:00+05:30,2591.0,2604.0,2575.0,2581.0,2581.0,306565,0.0,0.0,ADANIENT.NS,Adani Enterprises
2025-07-11 00:00:00+05:30,2575.0,2591.89990234375,2551.89990234375,2558.699951171875,2558.699951171875,390645,0.0,0.0,ADANIENT.NS,Adani Enterprises
2025-07-14 00:00:00+05:30,2555.0,2604.800048828125,2543.5,2581.300048828125,2581.300048828125,536585,0.0,0.0,ADANIENT.NS,Adani Enterprises
2025-07-15 00:00:00+05:30,2588.0,2606.89990234375,2576.0,2598.199951171875,2598.199951171875,379425,0.0,0.0,ADANIENT.NS,Adani Enterprises
2025-07-16 00:00:00+05:30,2602.5,2619.5,2595.5,2608.5,2608.5,686644,0.0,0.0,ADANIENT.NS,Adani Enterprises
2025-07-17 00:00:00+05:30,2612.0,2654.5,2605.300048828125,2616.60009765625,2616.60009765625,785771,0.0,0.0,ADANIENT.NS,Adani Enterprises
2025-07-18 00:00:00+05:30,2612.0,2626.699951171875,2584.199951171875,2596.10009765625,2596.10009765625,479942,0.0,0.0,ADANIENT.NS,Adani Enterprises
2025-07-21 00:00:00+05:30,2596.300048828125,2624.89990234375,2585.0,2619.5,2619.5,369782,0.0,0.0,ADANIENT.NS,Adani Enterprises
2025-07-22 00:00:00+05:30,2626.0,2630.0,2581.60009765625,2587.800048828125,2587.800048828125,387055,0.0,0.0,ADANIENT.NS,Adani Enterprises
2025-07-23 00:00:00+05:30,2600.699951171875,2625.89990234375,2593.5,2614.5,2614.5,316424,0.0,0.0,ADANIENT.NS,Adani Enterprises
2025-07-24 00:00:00+05:30,2615.39990234375,2624.199951171875,2595.0,2608.39990234375,2608.39990234375,253782,0.0,0.0,ADANIENT.NS,Adani Enterprises
2025-07-25 00:00:00+05:30,2605.0,2617.0,2544.10009765625,2550.10009765625,2550.10009765625,424612,0.0,0.0,ADANIENT.NS,Adani Enterprises
2025-07-28 00:00:00+05:30,2549.0,2585.0,2512.60009765625,2522.300048828125,2522.300048828125,428409,0.0,0.0,ADANIENT.NS,Adani Enterprises
2025-07-29 00:00:00+05:30,2529.0,2557.39990234375,2507.5,2547.89990234375,2547.89990234375,424781,0.0,0.0,ADANIENT.NS,Adani Enterprises
2025-07-30 00:00:00+05:30,2547.89990234375,2552.60009765625,2525.0,2532.89990234375,2532.89990234375,262063,0.0,0.0,ADANIENT.NS,Adani Enterprises
2025-07-31 00:00:00+05:30,2509.89990234375,2520.0,2422.60009765625,2430.699951171875,2430.699951171875,1457616,0.0,0.0,ADANIENT.NS,Adani Enterprises
2025-08-01 00:00:00+05:30,2425.0,2444.89990234375,2333.0,2350.89990234375,2350.89990234375,976341,0.0,0.0,ADANIENT.NS,Adani Enterprises
2025-08-04 00:00:00+05:30,2360.0,2374.699951171875,2338.199951171875,2363.60009765625,2363.60009765625,576426,0.0,0.0,ADANIENT.NS,Adani Enterprises
2025-08-05 00:00:00+05:30,2370.0,2370.0,2316.0,2328.199951171875,2328.199951171875,576742,0.0,0.0,ADANIENT.NS,Adani Enterprises
2025-08-06 00:00:00+05:30,2333.89990234375,2347.89990234375,2296.0,2300.300048828125,2300.300048828125,631582,0.0,0.0,ADANIENT.NS,Adani Enterprises
2025-08-07 00:00:00+05:30,2290.0,2295.0,2202.800048828125,2249.800048828125,2249.800048828125,1529410,0.0,0.0,ADANIENT.NS,Adani Enterprises
2025-08-08 00:00:00+05:30,2247.0,2260.89990234375,2164.800048828125,2178.10009765625,2178.10009765625,2552736,0.0,0.0,ADANIENT.NS,Adani Enterprises
2025-08-11 00:00:00+05:30,2196.0,2302.0,2183.0,2283.39990234375,2283.39990234375,2376286,0.0,0.0,ADANIENT.NS,Adani Enterprises
2025-08-12 00:00:00+05:30,2280.10009765625,2314.699951171875,2267.0,2288.199951171875,2288.199951171875,1075526,0.0,0.0,ADANIENT.NS,Adani Enterprises
2025-08-13 00:00:00+05:30,2299.0,2314.89990234375,2245.39990234375,2280.10009765625,2280.10009765625,833679,0.0,0.0,ADANIENT.NS,Adani Enterprises
2025-08-14 00:00:00+05:30,2288.0,2304.0,2267.699951171875,2281.60009765625,2281.60009765625,998109,0.0,0.0,ADANIENT.NS,Adani Enterprises
2025-08-18 00:00:00+05:30,2309.60009765625,2360.0,2300.0,2333.60009765625,2333.60009765625,988629,0.0,0.0,ADANIENT.NS,Adani Enterprises
2025-08-19 00:00:00+05:30,2339.89990234375,2395.60009765625,2314.10009765625,2388.39990234375,2388.39990234375,1069432,0.0,0.0,ADANIENT.NS,Adani Enterprises
2025-08-20 00:00:00+05:30,2380.0,2406.0,2372.10009765625,2387.10009765625,2387.10009765625,780025,0.0,0.0,ADANIENT.NS,Adani Enterprises
2025-08-21 00:00:00+05:30,2387.10009765625,2397.0,2371.39990234375,2377.199951171875,2377.199951171875,441867,0.0,0.0,ADANIENT.NS,Adani Enterprises
2025-08-22 00:00:00+05:30,2369.89990234375,2376.300048828125,2321.0,2324.89990234375,2324.89990234375,584211,0.0,0.0,ADANIENT.NS,Adani Enterprises
2025-08-25 00:00:00+05:30,2335.699951171875,2348.39990234375,2300.0,2302.89990234375,2302.89990234375,542455,0.0,0.0,ADANIENT.NS,Adani Enterprises
2025-08-26 00:00:00+05:30,2304.0,2309.300048828125,2249.39990234375,2272.0,2272.0,1071550,0.0,0.0,ADANIENT.NS,Adani Enterprises
2025-08-28 00:00:00+05:30,2271.89990234375,2327.89990234375,2255.0,2275.199951171875,2275.199951171875,907868,0.0,0.0,ADANIENT.NS,Adani Enterprises
2025-08-29 00:00:00+05:30,2283.0,2289.699951171875,2240.0,2244.699951171875,2244.699951171875,795699,0.0,0.0,ADANIENT.NS,Adani Enterprises
2025-09-01 00:00:00+05:30,2259.0,2288.0,2252.10009765625,2284.199951171875,2284.199951171875,425639,0.0,0.0,ADANIENT.NS,Adani Enterprises
2025-09-02 00:00:00+05:30,2291.0,2302.0,2264.0,2274.199951171875,2274.199951171875,481894,0.0,0.0,ADANIENT.NS,Adani Enterprises
2025-09-03 00:00:00+05:30,2285.0,2293.0,2263.10009765625,2288.699951171875,2288.699951171875,443629,0.0,0.0,ADANIENT.NS,Adani Enterprises
2025-09-04 00:00:00+05:30,2309.89990234375,2317.300048828125,2275.0,2278.800048828125,2278.800048828125,392697,0.0,0.0,ADANIENT.NS,Adani Enterprises
2025-09-05 00:00:00+05:30,2275.0,2293.5,2248.0,2281.39990234375,2281.39990234375,443010,0.0,0.0,ADANIENT.NS,Adani Enterprises
2025-09-08 00:00:00+05:30,2290.0,2333.89990234375,2286.0,2310.89990234375,2310.89990234375,542811,0.0,0.0,ADANIENT.NS,Adani Enterprises
2025-09-09 00:00:00+05:30,2320.0,2325.0,2297.0,2311.60009765625,2311.60009765625,369431,0.0,0.0,ADANIENT.NS,Adani Enterprises
2025-09-10 00:00:00+05:30,2330.0,2345.89990234375,2325.10009765625,2340.199951171875,2340.199951171875,390490,0.0,0.0,ADANIENT.NS,Adani Enterprises
2025-09-11 00:00:00+05:30,2348.0,2418.699951171875,2340.199951171875,2398.800048828125,2398.800048828125,2111888,0.0,0.0,ADANIENT.NS,Adani Enterprises
2025-09-12 00:00:00+05:30,2416.89990234375,2421.60009765625,2387.10009765625,2392.0,2392.0,533971,0.0,0.0,ADANIENT.NS,Adani Enterprises
2025-09-15 00:00:00+05:30,2392.0,2402.800048828125,2378.10009765625,2383.39990234375,2383.39990234375,298129,0.0,0.0,ADANIENT.NS,Adani Enterprises
2025-09-16 00:00:00+05:30,2410.0,2415.800048828125,2388.0,2399.39990234375,2399.39990234375,752979,0.0,0.0,ADANIENT.NS,Adani Enterprises
2025-09-17 00:00:00+05:30,2417.0,2417.0,2391.0,2402.0,2402.0,514354,0.0,0.0,ADANIENT.NS,Adani Enterprises
2025-09-18 00:00:00+05:30,2414.5,2438.0,2388.39990234375,2402.0,2402.0,703730,0.0,0.0,ADANIENT.NS,Adani Enterprises
2025-09-19 00:00:00+05:30,2495.0,2579.0,2466.10009765625,2524.0,2524.0,7965135,0.0,0.0,ADANIENT.NS,Adani Enterprises
2025-09-22 00:00:00+05:30,2535.0,2659.0,2522.10009765625,2629.5,2629.5,7022985,0.0,0.0,ADANIENT.NS,Adani Enterprises
2025-09-23 00:00:00+05:30,2642.60009765625,2695.0,2593.0,2676.39990234375,2676.39990234375,5610022,0.0,0.0,ADANIENT.NS,Adani Enterprises
2025-09-24 00:00:00+05:30,2655.0,2676.0,2614.39990234375,2619.800048828125,2619.800048828125,1720785,0.0,0.0,ADANIENT.NS,Adani Enterprises
2025-09-25 00:00:00+05:30,2625.0,2647.89990234375,2567.0,2576.39990234375,2576.39990234375,1489682,0.0,0.0,ADANIENT.NS,Adani Enterprises
2025-09-26 00:00:00+05:30,2572.800048828125,2605.0,2535.0,2543.699951171875,2543.699951171875,1037808,0.0,0.0,ADANIENT.NS,Adani Enterprises
2025-09-29 00:00:00+05:30,2543.699951171875,2555.0,2505.0,2509.5,2509.5,1012402,0.0,0.0,ADANIENT.NS,Adani Enterprises
2025-09-30 00:00:00+05:30,2522.0,2535.0,2490.60009765625,2505.89990234375,2505.89990234375,712592,0.0,0.0,ADANIENT.NS,Adani Enterprises
2025-10-01 00:00:00+05:30,2518.39990234375,2603.39990234375,2472.10009765625,2592.699951171875,2592.699951171875,1573485,0.0,0.0,ADANIENT.NS,Adani Enterprises
2025-10-03 00:00:00+05:30,2595.0,2612.89990234375,2564.39990234375,2589.89990234375,2589.89990234375,917651,0.0,0.0,ADANIENT.NS,Adani Enterprises
2025-10-06 00:00:00+05:30,2589.10009765625,2599.800048828125,2562.60009765625,2573.5,2573.5,654955,0.0,0.0,ADANIENT.NS,Adani Enterprises
2025-10-07 00:00:00+05:30,2580.699951171875,2617.300048828125,2533.10009765625,2542.199951171875,2542.199951171875,1120230,0.0,0.0,ADANIENT.NS,Adani Enterprises
2025-10-08 00:00:00+05:30,2562.0,2565.0,2500.0,2524.10009765625,2524.10009765625,1063357,0.0,0.0,ADANIENT.NS,Adani Enterprises
2025-10-09 00:00:00+05:30,2535.0,2559.0,2522.199951171875,2542.39990234375,2542.39990234375,651703,0.0,0.0,ADANIENT.NS,Adani Enterprises
2025-10-10 00:00:00+05:30,2552.0,2565.0,2538.800048828125,2550.89990234375,2550.89990234375,690142,0.0,0.0,ADANIENT.NS,Adani Enterprises
2025-10-13 00:00:00+05:30,2529.10009765625,2542.10009765625,2504.0,2527.39990234375,2527.39990234375,645483,0.0,0.0,ADANIENT.NS,Adani Enterprises
2025-10-14 00:00:00+05:30,2538.89990234375,2538.89990234375,2485.199951171875,2517.0,2517.0,673048,0.0,0.0,ADANIENT.NS,Adani Enterprises
2025-10-15 00:00:00+05:30,2535.0,2561.39990234375,2527.300048828125,2532.800048828125,2532.800048828125,759772,0.0,0.0,ADANIENT.NS,Adani Enterprises
2025-10-16 00:00:00+05:30,2544.800048828125,2579.699951171875,2540.89990234375,2557.60009765625,2557.60009765625,1020102,0.0,0.0,ADANIENT.NS,Adani Enterprises
2025-10-17 00:00:00+05:30,2560.0,2577.199951171875,2543.10009765625,2549.39990234375,2549.39990234375,682968,0.0,0.0,ADANIENT.NS,Adani Enterprises
2025-10-20 00:00:00+05:30,2561.300048828125,2579.0,2537.10009765625,2548.10009765625,2548.10009765625,747349,0.0,0.0,ADANIENT.NS,Adani Enterprises
2025-10-21 00:00:00+05:30,2554.89990234375,2562.0,2542.300048828125,2549.89990234375,2549.89990234375,101019,0.0,0.0,ADANIENT.NS,Adani Enterprises
2025-10-23 00:00:00+05:30,2559.89990234375,2577.800048828125,2540.89990234375,2545.800048828125,2545.800048828125,852445,0.0,0.0,ADANIENT.NS,Adani Enterprises
2025-10-24 00:00:00+05:30,2554.800048828125,2554.800048828125,2497.699951171875,2504.199951171875,2504.199951171875,473765,0.0,0.0,ADANIENT.NS,Adani Enterprises
2025-10-27 00:00:00+05:30,2504.199951171875,2514.60009765625,2487.10009765625,2492.800048828125,2492.800048828125,478055,0.0,0.0,ADANIENT.NS,Adani Enterprises
2025-10-28 00:00:00+05:30,2495.0,2516.0,2479.10009765625,2494.39990234375,2494.39990234375,626988,0.0,0.0,ADANIENT.NS,Adani Enterprises
2025-10-29 00:00:00+05:30,2500.0,2600.0,2495.5,2537.39990234375,2537.39990234375,1526734,0.0,0.0,ADANIENT.NS,Adani Enterprises
2025-10-30 00:00:00+05:30,2550.0,2559.39990234375,2511.800048828125,2526.89990234375,2526.89990234375,783328,0.0,0.0,ADANIENT.NS,Adani Enterprises
2025-10-31 00:00:00+05:30,2535.0,2543.5,2464.89990234375,2481.0,2481.0,848642,0.0,0.0,ADANIENT.NS,Adani Enterprises
2025-11-03 00:00:00+05:30,2484.0,2501.89990234375,2457.5,2467.0,2467.0,731108,0.0,0.0,ADANIENT.NS,Adani Enterprises
2025-11-04 00:00:00+05:30,2479.800048828125,2488.89990234375,2390.60009765625,2419.800048828125,2419.800048828125,2072668,0.0,0.0,ADANIENT.NS,Adani Enterprises
2025-11-06 00:00:00+05:30,2425.10009765625,2427.10009765625,2307.60009765625,2314.300048828125,2314.300048828125,1978147,0.0,0.0,ADANIENT.NS,Adani Enterprises
2025-11-07 00:00:00+05:30,2315.0,2402.5,2291.39990234375,2369.39990234375,2369.39990234375,2232889,0.0,0.0,ADANIENT.NS,Adani Enterprises
2025-11-10 00:00:00+05:30,2308.2470703125,2315.13037109375,2291.86279296875,2298.358154296875,2298.358154296875,577428,0.0,0.0,ADANIENT.NS,Adani Enterprises
2025-11-11 00:00:00+05:30,2295.74072265625,2306.30810546875,2267.140869140625,2294.5771484375,2294.5771484375,654132,0.0,0.0,ADANIENT.NS,Adani Enterprises
2025-11-12 00:00:00+05:30,2311.25244140625,2440.6787109375,2288.954345703125,2408.685546875,2408.685546875,6895852,0.0,0.0,ADANIENT.NS,Adani Enterprises
2025-11-13 00:00:00+05:30,2425.651611328125,2447.94970703125,2392.7861328125,2412.272705078125,2412.272705078125,2791508,0.0,0.0,ADANIENT.NS,Adani Enterprises
2025-11-14 00:00:00+05:30,2423.712646484375,2475.77392578125,2405.29248046875,2440.0,2440.0,4637753,0.0,0.0,ADANIENT.NS,Adani Enterprises
2025-11-17 00:00:00+05:30,2460.0,2474.89990234375,2421.0,2462.0,2462.0,2672697,0.0,0.0,ADANIENT.NS,Adani Enterprises
2025-11-18 00:00:00+05:30,2462.0,2478.60009765625,2434.300048828125,2436.800048828125,2436.800048828125,1245215,0.0,0.0,ADANIENT.NS,Adani Enterprises
2025-11-19 00:00:00+05:30,2446.5,2449.89990234375,2413.89990234375,2433.10009765625,2433.10009765625,774785,0.0,0.0,ADANIENT.NS,Adani Enterprises
2025-11-20 00:00:00+05:30,2450.10009765625,2478.89990234375,2440.39990234375,2446.10009765625,2446.10009765625,1526556,0.0,0.0,ADANIENT.NS,Adani Enterprises
2025-11-21 00:00:00+05:30,2450.0,2456.199951171875,2418.0,2422.300048828125,2422.300048828125,547541,0.0,0.0,ADANIENT.NS,Adani Enterprises
2025-11-24 00:00:00+05:30,2426.199951171875,2432.300048828125,2393.10009765625,2399.199951171875,2399.199951171875,691419,0.0,0.0,ADANIENT.NS,Adani Enterprises
2025-11-25 00:00:00+05:30,2400.89990234375,2407.699951171875,2325.300048828125,2332.89990234375,2332.89990234375,2223715,0.0,0.0,ADANIENT.NS,Adani Enterprises
2025-11-26 00:00:00+05:30,2321.199951171875,2357.0,2310.0,2315.0,2315.0,1026965,0.0,0.0,ADANIENT.NS,Adani Enterprises
2025-11-27 00:00:00+05:30,2310.0,2320.5,2243.0,2255.0,2255.0,1474038,0.0,0.0,ADANIENT.NS,Adani Enterprises
2025-11-28 00:00:00+05:30,2267.10009765625,2331.0,2247.800048828125,2280.199951171875,2280.199951171875,3037620,0.0,0.0,ADANIENT.NS,Adani Enterprises
2025-12-01 00:00:00+05:30,2300.0,2304.0,2257.0,2262.0,2262.0,1313265,0.0,0.0,ADANIENT.NS,Adani Enterprises
2025-12-02 00:00:00+05:30,2255.0,2267.199951171875,2232.199951171875,2239.60009765625,2239.60009765625,1035354,0.0,0.0,ADANIENT.NS,Adani Enterprises
2025-12-03 00:00:00+05:30,2240.0,2245.0,2172.199951171875,2189.800048828125,2189.800048828125,1643852,0.0,0.0,ADANIENT.NS,Adani Enterprises
2025-12-04 00:00:00+05:30,2188.0,2231.699951171875,2183.39990234375,2217.89990234375,2217.89990234375,2522821,0.0,0.0,ADANIENT.NS,Adani Enterprises
2025-12-05 00:00:00+05:30,2217.89990234375,2268.60009765625,2202.89990234375,2265.39990234375,2265.39990234375,2400781,0.0,0.0,ADANIENT.NS,Adani Enterprises
2025-12-08 00:00:00+05:30,2265.39990234375,2270.39990234375,2205.0,2216.199951171875,2216.199951171875,939764,0.0,0.0,ADANIENT.NS,Adani Enterprises
2025-12-09 00:00:00+05:30,2216.199951171875,2257.0,2178.39990234375,2245.199951171875,2245.199951171875,1227728,0.0,0.0,ADANIENT.NS,Adani Enterprises
2025-12-10 00:00:00+05:30,2255.800048828125,2267.5,2204.10009765625,2211.60009765625,2211.60009765625,935149,0.0,0.0,ADANIENT.NS,Adani Enterprises
2025-12-11 00:00:00+05:30,2225.0,2293.89990234375,2192.39990234375,2277.699951171875,2277.699951171875,1519832,0.0,0.0,ADANIENT.NS,Adani Enterprises
2025-12-12 00:00:00+05:30,2277.699951171875,2296.800048828125,2270.199951171875,2282.39990234375,2282.39990234375,929199,0.0,0.0,ADANIENT.NS,Adani Enterprises
2025-12-15 00:00:00+05:30,2282.39990234375,2300.0,2273.0,2278.89990234375,2278.89990234375,573027,0.0,0.0,ADANIENT.NS,Adani Enterprises
2025-12-16 00:00:00+05:30,2270.0,2276.800048828125,2232.10009765625,2247.89990234375,2247.89990234375,654714,0.0,0.0,ADANIENT.NS,Adani Enterprises
2025-12-17 00:00:00+05:30,2247.60009765625,2255.0,2221.0,2232.5,2232.5,651509,0.0,0.0,ADANIENT.NS,Adani Enterprises
2025-12-18 00:00:00+05:30,2236.39990234375,2245.0,2211.10009765625,2229.300048828125,2229.300048828125,508238,0.0,0.0,ADANIENT.NS,Adani Enterprises
2025-12-19 00:00:00+05:30,2249.0,2250.0,2210.0,2239.0,2239.0,880005,0.0,0.0,ADANIENT.NS,Adani Enterprises
2025-12-22 00:00:00+05:30,2260.0,2274.0,2245.89990234375,2263.5,2263.5,599195,0.0,0.0,ADANIENT.NS,Adani Enterprises
2025-12-23 00:00:00+05:30,2272.5,2273.60009765625,2245.0,2248.800048828125,2248.800048828125,450112,0.0,0.0,ADANIENT.NS,Adani Enterprises
2025-12-24 00:00:00+05:30,2250.0,2258.800048828125,2217.39990234375,2222.699951171875,2222.699951171875,825693,0.0,0.0,ADANIENT.NS,Adani Enterprises
2025-12-26 00:00:00+05:30,2229.300048828125,2250.89990234375,2218.0,2229.89990234375,2229.89990234375,566237,0.0,0.0,ADANIENT.NS,Adani Enterprises
2025-12-29 00:00:00+05:30,2232.0,2238.199951171875,2196.0,2203.199951171875,2203.199951171875,690691,0.0,0.0,ADANIENT.NS,Adani Enterprises
2025-12-30 00:00:00+05:30,2204.800048828125,2219.0,2195.0,2214.699951171875,2214.699951171875,935026,0.0,0.0,ADANIENT.NS,Adani Enterprises
2025-12-31 00:00:00+05:30,2216.300048828125,2246.39990234375,2216.300048828125,2239.699951171875,2239.699951171875,779141,0.0,0.0,ADANIENT.NS,Adani Enterprises
2026-01-01 00:00:00+05:30,2249.0,2287.39990234375,2241.0,2260.0,2260.0,1046220,0.0,0.0,ADANIENT.NS,Adani Enterprises
2026-01-02 00:00:00+05:30,2260.0,2283.699951171875,2259.0,2279.800048828125,2279.800048828125,715242,0.0,0.0,ADANIENT.NS,Adani Enterprises
2026-01-05 00:00:00+05:30,2287.0,2303.89990234375,2274.300048828125,2279.5,2279.5,696380,0.0,0.0,ADANIENT.NS,Adani Enterprises
2026-01-06 00:00:00+05:30,2288.89990234375,2290.39990234375,2248.10009765625,2259.10009765625,2259.10009765625,698294,0.0,0.0,ADANIENT.NS,Adani Enterprises
2026-01-07 00:00:00+05:30,2265.0,2284.0,2243.0,2274.10009765625,2274.10009765625,529451,0.0,0.0,ADANIENT.NS,Adani Enterprises
2026-01-08 00:00:00+05:30,2275.0,2275.89990234375,2205.0,2214.0,2214.0,792800,0.0,0.0,ADANIENT.NS,Adani Enterprises
2026-01-09 00:00:00+05:30,2214.10009765625,2216.0,2145.0,2153.699951171875,2153.699951171875,1570376,0.0,0.0,ADANIENT.NS,Adani Enterprises
2026-01-12 00:00:00+05:30,2156.60009765625,2180.0,2119.0,2171.60009765625,2171.60009765625,1257197,0.0,0.0,ADANIENT.NS,Adani Enterprises
2026-01-13 00:00:00+05:30,2187.800048828125,2187.800048828125,2141.10009765625,2158.5,2158.5,791556,0.0,0.0,ADANIENT.NS,Adani Enterprises
2026-01-14 00:00:00+05:30,2156.0,2169.0,2142.0,2153.300048828125,2153.300048828125,618139,0.0,0.0,ADANIENT.NS,Adani Enterprises
2026-01-15 00:00:00+05:30,2153.300048828125,2153.300048828125,2153.300048828125,2153.300048828125,2153.300048828125,0,0.0,0.0,ADANIENT.NS,Adani Enterprises
2026-01-16 00:00:00+05:30,2162.800048828125,2193.89990234375,2152.10009765625,2157.300048828125,2157.300048828125,758469,0.0,0.0,ADANIENT.NS,Adani Enterprises
2026-01-19 00:00:00+05:30,2155.0,2156.800048828125,2123.0,2134.60009765625,2134.60009765625,749495,0.0,0.0,ADANIENT.NS,Adani Enterprises
2026-01-20 00:00:00+05:30,2134.0,2139.89990234375,2040.0,2055.10009765625,2055.10009765625,1160975,0.0,0.0,ADANIENT.NS,Adani Enterprises
2026-01-21 00:00:00+05:30,2056.5,2068.199951171875,2004.0999755859375,2032.199951171875,2032.199951171875,1354644,0.0,0.0,ADANIENT.NS,Adani Enterprises
2026-01-22 00:00:00+05:30,2055.89990234375,2102.89990234375,2051.0,2086.39990234375,2086.39990234375,942721,0.0,0.0,ADANIENT.NS,Adani Enterprises
2026-01-23 00:00:00+05:30,2080.5,2082.5,1848.0,1864.199951171875,1864.199951171875,7492631,0.0,0.0,ADANIENT.NS,Adani Enterprises
2026-01-27 00:00:00+05:30,1909.0,1973.9000244140625,1893.0,1959.5,1959.5,5449633,0.0,0.0,ADANIENT.NS,Adani Enterprises
2026-01-28 00:00:00+05:30,1985.0,2004.0,1952.0,1994.699951171875,1994.699951171875,2073198,0.0,0.0,ADANIENT.NS,Adani Enterprises
2026-01-29 00:00:00+05:30,1999.800048828125,2029.0999755859375,1972.0,2019.199951171875,2019.199951171875,1391239,0.0,0.0,ADANIENT.NS,Adani Enterprises
2026-01-30 00:00:00+05:30,2005.0,2038.800048828125,1992.199951171875,2020.4000244140625,2020.4000244140625,1230915,0.0,0.0,ADANIENT.NS,Adani Enterprises
2026-02-02 00:00:00+05:30,1956.5999755859375,2002.199951171875,1934.0,1995.4000244140625,1995.4000244140625,1229270,0.0,0.0,ADANIENT.NS,Adani Enterprises
2026-02-03 00:00:00+05:30,2150.0,2233.39990234375,2131.10009765625,2202.60009765625,2202.60009765625,6918581,0.0,0.0,ADANIENT.NS,Adani Enterprises
2026-02-04 00:00:00+05:30,2220.0,2246.0,2189.199951171875,2228.199951171875,2228.199951171875,2051918,0.0,0.0,ADANIENT.NS,Adani Enterprises
2026-02-05 00:00:00+05:30,2232.0,2243.699951171875,2210.0,2236.60009765625,2236.60009765625,992382,0.0,0.0,ADANIENT.NS,Adani Enterprises
2026-02-06 00:00:00+05:30,2226.10009765625,2238.0,2200.39990234375,2226.39990234375,2226.39990234375,933650,0.0,0.0,ADANIENT.NS,Adani Enterprises
2026-02-09 00:00:00+05:30,2250.0,2288.0,2240.0,2250.10009765625,2250.10009765625,1650899,0.0,0.0,ADANIENT.NS,Adani Enterprises
2026-02-10 00:00:00+05:30,2259.0,2268.300048828125,2171.0,2228.39990234375,2228.39990234375,1670672,0.0,0.0,ADANIENT.NS,Adani Enterprises
2026-02-11 00:00:00+05:30,2232.89990234375,2237.699951171875,2215.10009765625,2234.39990234375,2234.39990234375,682320,0.0,0.0,ADANIENT.NS,Adani Enterprises
2026-02-12 00:00:00+05:30,2229.0,2229.5,2201.0,2211.800048828125,2211.800048828125,649585,0.0,0.0,ADANIENT.NS,Adani Enterprises
2026-02-13 00:00:00+05:30,2210.0,2210.0,2124.199951171875,2136.60009765625,2136.60009765625,1489548,0.0,0.0,ADANIENT.NS,Adani Enterprises
2026-02-16 00:00:00+05:30,2124.199951171875,2190.89990234375,2103.199951171875,2184.60009765625,2184.60009765625,1824808,0.0,0.0,ADANIENT.NS,Adani Enterprises
2026-02-17 00:00:00+05:30,2170.0,2252.0,2170.0,2242.89990234375,2242.89990234375,1931699,0.0,0.0,ADANIENT.NS,Adani Enterprises
2026-02-18 00:00:00+05:30,2254.0,2254.0,2188.10009765625,2211.199951171875,2211.199951171875,1149398,0.0,0.0,ADANIENT.NS,Adani Enterprises
2026-02-19 00:00:00+05:30,2218.89990234375,2218.89990234375,2151.0,2156.699951171875,2156.699951171875,1101633,0.0,0.0,ADANIENT.NS,Adani Enterprises
2026-02-20 00:00:00+05:30,2160.0,2174.39990234375,2152.10009765625,2160.800048828125,2160.800048828125,738454,0.0,0.0,ADANIENT.NS,Adani Enterprises
2026-02-23 00:00:00+05:30,2180.0,2203.0,2155.300048828125,2191.0,2191.0,1103960,0.0,0.0,ADANIENT.NS,Adani Enterprises
2026-02-24 00:00:00+05:30,2168.60009765625,2204.699951171875,2162.199951171875,2183.0,2183.0,1152423,0.0,0.0,ADANIENT.NS,Adani Enterprises
2026-02-25 00:00:00+05:30,2193.199951171875,2237.300048828125,2180.10009765625,2231.699951171875,2231.699951171875,1474187,0.0,0.0,ADANIENT.NS,Adani Enterprises
2026-02-26 00:00:00+05:30,2230.0,2232.39990234375,2200.10009765625,2216.39990234375,2216.39990234375,915342,0.0,0.0,ADANIENT.NS,Adani Enterprises
2026-02-27 00:00:00+05:30,2210.0,2216.39990234375,2153.0,2161.800048828125,2161.800048828125,1433096,0.0,0.0,ADANIENT.NS,Adani Enterprises
2026-03-02 00:00:00+05:30,2093.0,2147.89990234375,2073.699951171875,2124.60009765625,2124.60009765625,2134522,0.0,0.0,ADANIENT.NS,Adani Enterprises
2026-03-04 00:00:00+05:30,2104.60009765625,2104.60009765625,2037.5,2076.5,2076.5,1585848,0.0,0.0,ADANIENT.NS,Adani Enterprises
2026-03-05 00:00:00+05:30,2094.0,2100.0,2040.0,2089.199951171875,2089.199951171875,1231524,0.0,0.0,ADANIENT.NS,Adani Enterprises
2026-03-06 00:00:00+05:30,2079.10009765625,2090.0,2030.199951171875,2039.9000244140625,2039.9000244140625,1696027,0.0,0.0,ADANIENT.NS,Adani Enterprises
2026-03-09 00:00:00+05:30,1985.0,2006.0,1940.4000244140625,1999.199951171875,1999.199951171875,1305447,0.0,0.0,ADANIENT.NS,Adani Enterprises
2026-03-10 00:00:00+05:30,2030.0,2030.0,1982.199951171875,1996.5,1996.5,1680405,0.0,0.0,ADANIENT.NS,Adani Enterprises
2026-03-11 00:00:00+05:30,2006.5999755859375,2027.4000244140625,1970.0,1974.699951171875,1974.699951171875,1088294,0.0,0.0,ADANIENT.NS,Adani Enterprises
2026-03-12 00:00:00+05:30,1960.0,2026.0,1947.0999755859375,2002.0,2002.0,1473773,0.0,0.0,ADANIENT.NS,Adani Enterprises
2026-03-13 00:00:00+05:30,1999.9000244140625,2008.5999755859375,1945.0,1961.0999755859375,1961.0999755859375,1195448,0.0,0.0,ADANIENT.NS,Adani Enterprises
2026-03-16 00:00:00+05:30,1961.0,1994.800048828125,1946.5999755859375,1978.0,1978.0,1465828,0.0,0.0,ADANIENT.NS,Adani Enterprises
2026-03-17 00:00:00+05:30,1989.9000244140625,1990.0,1945.0,1975.4000244140625,1975.4000244140625,1268988,0.0,0.0,ADANIENT.NS,Adani Enterprises
2026-03-18 00:00:00+05:30,1988.9000244140625,2027.0,1982.199951171875,2007.199951171875,2007.199951171875,1041095,0.0,0.0,ADANIENT.NS,Adani Enterprises
2026-03-19 00:00:00+05:30,1984.0,1988.5999755859375,1930.0,1936.800048828125,1936.800048828125,1510588,0.0,0.0,ADANIENT.NS,Adani Enterprises
2026-03-20 00:00:00+05:30,1951.0,1974.4000244140625,1919.9000244140625,1927.0999755859375,1927.0999755859375,1175662,0.0,0.0,ADANIENT.NS,Adani Enterprises
2026-03-23 00:00:00+05:30,1910.0,1910.0999755859375,1820.5,1833.0,1833.0,2370668,0.0,0.0,ADANIENT.NS,Adani Enterprises
2026-03-24 00:00:00+05:30,1892.699951171875,1893.0,1813.699951171875,1817.9000244140625,1817.9000244140625,11211381,0.0,0.0,ADANIENT.NS,Adani Enterprises
2026-03-25 00:00:00+05:30,1847.9000244140625,1911.0,1839.199951171875,1886.5999755859375,1886.5999755859375,2537690,0.0,0.0,ADANIENT.NS,Adani Enterprises
2026-03-27 00:00:00+05:30,1880.0,1883.199951171875,1816.5,1823.0,1823.0,2585257,0.0,0.0,ADANIENT.NS,Adani Enterprises
2026-03-30 00:00:00+05:30,1810.0,1837.800048828125,1753.0,1758.800048828125,1758.800048828125,2825299,0.0,0.0,ADANIENT.NS,Adani Enterprises
2026-04-01 00:00:00+05:30,1825.0,1870.0,1803.800048828125,1842.5,1842.5,2328166,0.0,0.0,ADANIENT.NS,Adani Enterprises
2026-04-02 00:00:00+05:30,1805.0,1842.9000244140625,1770.0999755859375,1834.199951171875,1834.199951171875,1830598,0.0,0.0,ADANIENT.NS,Adani Enterprises
2026-04-06 00:00:00+05:30,1836.9000244140625,1909.0,1802.0999755859375,1902.199951171875,1902.199951171875,3153437,0.0,0.0,ADANIENT.NS,Adani Enterprises
2026-04-07 00:00:00+05:30,1890.0,1904.5999755859375,1865.0,1882.0999755859375,1882.0999755859375,1566909,0.0,0.0,ADANIENT.NS,Adani Enterprises
2026-04-08 00:00:00+05:30,2000.0,2099.0,1975.0999755859375,2043.800048828125,2043.800048828125,4197831,0.0,0.0,ADANIENT.NS,Adani Enterprises
2026-04-09 00:00:00+05:30,2039.800048828125,2065.0,2010.300048828125,2040.5,2040.5,2481188,0.0,0.0,ADANIENT.NS,Adani Enterprises
2026-04-10 00:00:00+05:30,2043.0999755859375,2094.60009765625,2041.699951171875,2086.800048828125,2086.800048828125,1700162,0.0,0.0,ADANIENT.NS,Adani Enterprises
2026-04-13 00:00:00+05:30,2010.199951171875,2159.0,2000.199951171875,2129.0,2129.0,3729773,0.0,0.0,ADANIENT.NS,Adani Enterprises
2026-04-15 00:00:00+05:30,2187.0,2200.0,2136.0,2144.39990234375,2144.39990234375,1779015,0.0,0.0,ADANIENT.NS,Adani Enterprises
2026-04-16 00:00:00+05:30,2170.0,2210.39990234375,2161.10009765625,2203.699951171875,2203.699951171875,2188912,0.0,0.0,ADANIENT.NS,Adani Enterprises
2026-04-17 00:00:00+05:30,2240.0,2240.0,2186.10009765625,2218.300048828125,2218.300048828125,2408901,0.0,0.0,ADANIENT.NS,Adani Enterprises
2026-04-20 00:00:00+05:30,2218.300048828125,2280.10009765625,2202.199951171875,2229.60009765625,2229.60009765625,1795338,0.0,0.0,ADANIENT.NS,Adani Enterprises
2026-04-21 00:00:00+05:30,2229.699951171875,2255.0,2220.0,2226.0,2226.0,1818221,0.0,0.0,ADANIENT.NS,Adani Enterprises
2026-04-22 00:00:00+05:30,2229.0,2278.60009765625,2224.10009765625,2260.800048828125,2260.800048828125,3517237,0.0,0.0,ADANIENT.NS,Adani Enterprises
